,tsp,optimal_solution,step1,step2,step3,step4,step5,average,deviation
0,st70,675.0,692.84,689.4,682.99,682.99,683.97,686.4380000000001,1.69%
1,pr76,108159.0,109190.62,111535.38,114731.32,111290.48,110858.62,111521.28399999999,3.11%
2,rat99,1211.0,1298.09,1252.67,1262.46,1266.35,1294.28,1274.77,5.27%
3,ch130,6110.0,6239.27,6241.17,6414.09,6405.67,6265.25,6313.089999999999,3.32%
4,kroA200,29368.0,30230.41,30466.62,30463.58,30542.12,30897.31,30520.008,3.92%
